{"reference_unit": 6572.214184397159, "offset": -1235110.1999999995}