{"reference_unit": 1933.5707090207084, "offset": 902748.9189189189}